{
  "regression": {
    "best_model": "linear_regression",
    "rmse": 4.007600845951481,
    "r2": 0.002572386414933847,
    "cv_rmse_mean": 4.041269291905711,
    "cv_r2_mean": 0.0035579346204430927,
    "feature_columns": [
      "Q1",
      "Q2",
      "QN6",
      "QN7",
      "QN8",
      "QN9",
      "QN10",
      "QN11",
      "QN12",
      "QN13",
      "QN14",
      "QN15",
      "QN34",
      "QN35",
      "QN36",
      "QN37",
      "QN38",
      "QN39",
      "QN40",
      "QN44",
      "QN45",
      "QN46",
      "QN47",
      "QN48",
      "QN49",
      "QN50",
      "QN51",
      "QN52",
      "qnfrvgg",
      "qnpa7g",
      "qnpe5g",
      "QN16",
      "QN17",
      "QN18",
      "QN19",
      "QN20"
    ]
  },
  "classification": {
    "best_model": "logistic_regression",
    "f1_minority": 0.2346723044397463,
    "auc_roc": 0.589848178342217,
    "accuracy": 0.6287179487179487,
    "cv_f1_mean": 0.25000780768185604,
    "cv_auc_mean": 0.5984743114619258,
    "feature_columns": [
      "Q1",
      "Q2",
      "QN6",
      "QN7",
      "QN8",
      "QN9",
      "QN10",
      "QN11",
      "QN12",
      "QN13",
      "QN14",
      "QN15",
      "QN16",
      "QN17",
      "QN18",
      "QN19",
      "QN20",
      "QN22",
      "QN23",
      "QN24",
      "QN34",
      "QN35",
      "QN36",
      "QN37",
      "QN38",
      "QN39",
      "QN40",
      "QN44",
      "QN45",
      "QN46",
      "QN47",
      "QN48",
      "QN49",
      "QN50",
      "QN51",
      "QN52",
      "QN53",
      "QN54",
      "QN55",
      "QN56",
      "QN57",
      "QN58",
      "qnc1g",
      "qnc2g"
    ],
    "top_features": {
      "QN24": 0.5952452293871072,
      "QN19": 0.3386680580750876,
      "QN22": 0.32253309369591115,
      "QN23": 0.2841638864800629,
      "QN20": 0.2619416856466772,
      "QN17": 0.2386933106993559,
      "QN14": 0.2116630682547969,
      "QN39": 0.20655503387676208,
      "QN38": 0.20502690695784573,
      "QN10": 0.18370332949550292,
      "QN48": 0.17787068265237183,
      "QN18": 0.17500578423645835,
      "QN47": 0.17058316132326934,
      "QN40": 0.1596328013452927,
      "QN8": 0.13580071094672336
    }
  },
  "eda": {
    "n_records": 20000,
    "valid_imc": 18124,
    "valid_mental_health": 19500,
    "mental_health_prevalence": 0.12230769230769231
  }
}